t,success,grasped,has_collided,joint_jerks,proprioception,trial time
0,False,False,False,1.0762262279941612,[ 0.005  0.235 -0.004 -2.109 -0.003  2.323  0.806 -0.001  0.001 -0.     0.     0.     0.001  0.001],
1,False,False,False,2.734831751871372,[ 0.006  0.237 -0.004 -2.109 -0.003  2.323  0.807  0.     0.     0.     0.001 -0.    -0.    -0.001],
2,False,False,False,2.814410072081683,[ 0.007  0.238 -0.003 -2.109 -0.003  2.324  0.807  0.001  0.001 -0.001  0.     0.    -0.    -0.   ],
3,False,False,False,2.4347071826822786,[ 0.008  0.239 -0.003 -2.109 -0.003  2.325  0.808  0.001 -0.001 -0.     0.001  0.    -0.    -0.   ],
4,False,False,False,1.6573738805156897,[ 0.009  0.241 -0.003 -2.109 -0.003  2.325  0.808  0.001 -0.001  0.001  0.    -0.     0.    -0.002],
5,False,False,False,2.393486263263435,[ 0.009  0.241 -0.003 -2.109 -0.003  2.325  0.808 -0.001  0.     0.001  0.     0.    -0.     0.   ],
6,False,False,False,2.02532918860396,[ 0.01   0.242 -0.003 -2.109 -0.003  2.326  0.809 -0.    -0.    -0.001 -0.    -0.    -0.001  0.001],0.24
